{
  "project_info": {
    "project_number": "16915281689",
    "firebase_url": "https://camera-gallery-d339e.firebaseio.com",
    "project_id": "camera-gallery-d339e",
    "storage_bucket": "camera-gallery-d339e.appspot.com"
  },
  "client": [
    {
      "client_info": {
        "mobilesdk_app_id": "1:16915281689:android:adbd343aa8b1fdbc41f788",
        "android_client_info": {
          "package_name": "com.example.camera_gallery"
        }
      },
      "oauth_client": [
        {
          "client_id": "16915281689-cvbh1ujvmjcsjmvddka45b50jbksn8ie.apps.googleusercontent.com",
          "client_type": 3
        }
      ],
      "api_key": [
        {
          "current_key": "AIzaSyCWuxml5e9N0cF0da7rKxPaYjq2zQxTBVE"
        }
      ],
      "services": {
        "appinvite_service": {
          "other_platform_oauth_client": [
            {
              "client_id": "16915281689-cvbh1ujvmjcsjmvddka45b50jbksn8ie.apps.googleusercontent.com",
              "client_type": 3
            }
          ]
        }
      }
    }
  ],
  "configuration_version": "1"
}