{
  "project_info": {
    "project_number": "181095303510",
    "firebase_url": "https://sunscreen-2b44c.firebaseio.com",
    "project_id": "sunscreen-2b44c",
    "storage_bucket": "sunscreen-2b44c.appspot.com"
  },
  "client": [
    {
      "client_info": {
        "mobilesdk_app_id": "1:181095303510:android:5d80f4ae968575f9e86ef7",
        "android_client_info": {
          "package_name": "com.example.sunscreen"
        }
      },
      "oauth_client": [
        {
          "client_id": "181095303510-te0qqu5tdkv4ih46ra8nroictucbnn5k.apps.googleusercontent.com",
          "client_type": 3
        }
      ],
      "api_key": [
        {
          "current_key": "AIzaSyBGbKN8stqtXEzxagNeiLPaFAhdR1y493U"
        }
      ],
      "services": {
        "appinvite_service": {
          "other_platform_oauth_client": [
            {
              "client_id": "181095303510-te0qqu5tdkv4ih46ra8nroictucbnn5k.apps.googleusercontent.com",
              "client_type": 3
            }
          ]
        }
      }
    }
  ],
  "configuration_version": "1"
}